-- Josmar Gustavo Palomino Castelan
-- Josmar360
-- Insercion de datos

-- Tabla de clientes
insert into Clientes (Telefono_Cliente, Primer_Nombre, Segundo_Nombre, Primer_Apellido, Segundo_Apellido, Calle, Numero_Exterior)
values ('5572210522', 'Lidia', ' ', 'Hernandez', 'Lopez', 'Oriente 4', 43);

insert into Clientes(Telefono_Cliente, Primer_Nombre, Segundo_Nombre, Primer_Apellido, Segundo_Apellido, Calle, Numero_Exterior)
values ('5526015450', 'Erika', ' ', 'Castro', 'Dominguez', 'Jose Maria Morelos', 127);

insert into Clientes(Telefono_Cliente, Primer_Nombre, Segundo_Nombre, Primer_Apellido, Segundo_Apellido, Calle, Numero_Exterior)
values ('5588728726', 'Fabiola', ' ', 'Romero', 'Oiguin', 'Oriente 7', 186);

insert into Clientes(Telefono_Cliente, Primer_Nombre, Segundo_Nombre, Primer_Apellido, Segundo_Apellido, Calle, Numero_Exterior)
values ('5552774867', 'Jordan', 'Miguel', 'Gutierrez', 'Lopez', 'Oriente 12', 192);

insert into Clientes(Telefono_Cliente, Primer_Nombre, Segundo_Nombre, Primer_Apellido, Segundo_Apellido, Calle, Numero_Exterior)
values ('5570472184', 'Jose', 'Guadalupe', 'Mendez', 'Funetes', 'Morelos', 189);

insert into Clientes(Telefono_Cliente, Primer_Nombre, Segundo_Nombre, Primer_Apellido, Segundo_Apellido, Calle, Numero_Exterior)
values ('5529628501', 'Julieta', ' ', 'Cruz', 'Cruz', 'Oriente 34', 23);

insert into Clientes(Telefono_Cliente, Primer_Nombre, Segundo_Nombre, Primer_Apellido, Segundo_Apellido, Calle, Numero_Exterior)
values ('5583119396', 'Stephani', ' ', 'Fuentes', 'Gomez', 'Loma 2', 78);

insert into Clientes(Telefono_Cliente, Primer_Nombre, Segundo_Nombre, Primer_Apellido, Segundo_Apellido, Calle, Numero_Exterior)
values ('5583510568', 'Jose', 'Angel', 'Arzate', 'Torres', 'Oriente 13', 152);

insert into Clientes(Telefono_Cliente, Primer_Nombre, Segundo_Nombre, Primer_Apellido, Segundo_Apellido, Calle, Numero_Exterior)
values ('5586249212', 'Zaid', ' ', 'Ramirez', 'Ramirez', 'Morelos', 161);

insert into Clientes(Telefono_Cliente, Primer_Nombre, Segundo_Nombre, Primer_Apellido, Segundo_Apellido, Calle, Numero_Exterior)
values ('5561150401', 'Mitzy', 'Ayelen', 'Ramirez', 'Ramirez', 'Oriente 24', 156);

insert into Clientes(Telefono_Cliente, Primer_Nombre, Segundo_Nombre, Primer_Apellido, Segundo_Apellido, Calle, Numero_Exterior)
values ('5568346061', 'Virginia', ' ', 'Romero', 'Hernandez', 'Loma 2', 45);

insert into Clientes(Telefono_Cliente, Primer_Nombre, Segundo_Nombre, Primer_Apellido, Segundo_Apellido, Calle, Numero_Exterior)
values ('5592299421', 'Sergio', ' ', 'Gonzales', 'Ramirez', 'Oriente 22', 166);

insert into Clientes(Telefono_Cliente, Primer_Nombre, Segundo_Nombre, Primer_Apellido, Segundo_Apellido, Calle, Numero_Exterior)
values ('5574721936', 'Enrique', ' ', 'Rivera', 'Esperon', 'Loma 2', 79);

insert into Clientes(Telefono_Cliente, Primer_Nombre, Segundo_Nombre, Primer_Apellido, Segundo_Apellido, Calle, Numero_Exterior)
values ('5597133077', 'Alfredo', ' ', 'Gonzales', 'Moreno', 'Oriente 20', 12);

insert into Clientes(Telefono_Cliente, Primer_Nombre, Segundo_Nombre, Primer_Apellido, Segundo_Apellido, Calle, Numero_Exterior)
values ('5574873193', 'Diego', ' ', 'Hernandez', 'Moreno', 'Morelos', 165);

insert into Clientes(Telefono_Cliente, Primer_Nombre, Segundo_Nombre, Primer_Apellido, Segundo_Apellido, Calle, Numero_Exterior)
values ('5545303785', 'Aquiles', ' ', 'Piña', 'Olvera', 'Oriente 22', 166);

insert into Clientes(Telefono_Cliente, Primer_Nombre, Segundo_Nombre, Primer_Apellido, Segundo_Apellido, Calle, Numero_Exterior)
values ('5579578291', 'Fredy', ' ', 'Ramirez', 'Ramirez', 'Loma 2', 45);

insert into Clientes(Telefono_Cliente, Primer_Nombre, Segundo_Nombre, Primer_Apellido, Segundo_Apellido, Calle, Numero_Exterior)
values ('5598276753', 'Eduardo', ' ', 'Pliego', 'Buen dia', 'Oriente 31', 112);

insert into Clientes(Telefono_Cliente, Primer_Nombre, Segundo_Nombre, Primer_Apellido, Segundo_Apellido, Calle, Numero_Exterior)
values ('5573498028', 'Tania', ' ', 'Martinez', 'Olivares', 'Loma 2', 45);

insert into Clientes(Telefono_Cliente, Primer_Nombre, Segundo_Nombre, Primer_Apellido, Segundo_Apellido, Calle, Numero_Exterior)
values ('5596984932', 'Janet', ' ', 'Catro', 'Olvera', 'Morelos', 149);

insert into Clientes(Telefono_Cliente, Primer_Nombre, Segundo_Nombre, Primer_Apellido, Segundo_Apellido, Calle, Numero_Exterior)
values ('5551901738', 'Victoria', ' ', 'Herrera', 'Mendoza', 'Loma 2', 47);

insert into Clientes(Telefono_Cliente, Primer_Nombre, Segundo_Nombre, Primer_Apellido, Segundo_Apellido, Calle, Numero_Exterior)
values ('5504711160', 'Araceli', ' ', 'Ramirez', 'Gonzales', 'Oriente 1', 132);

insert into Clientes(Telefono_Cliente, Primer_Nombre, Segundo_Nombre, Primer_Apellido, Segundo_Apellido, Calle, Numero_Exterior)
values ('5563802500', 'Antonio', ' ', 'Rivera', 'Garcia', 'Morelos', 98);

insert into Clientes(Telefono_Cliente, Primer_Nombre, Segundo_Nombre, Primer_Apellido, Segundo_Apellido, Calle, Numero_Exterior)
values ('5503288379', 'Eduardo', ' ', 'Romero', 'Torralba', 'Oriente 19', 176);

insert into Clientes(Telefono_Cliente, Primer_Nombre, Segundo_Nombre, Primer_Apellido, Segundo_Apellido, Calle, Numero_Exterior)
values ('5552393774', 'Jose', ' ', 'Mendoza', 'Cordero', 'Oriente 13', 143);

insert into Clientes(Telefono_Cliente, Primer_Nombre, Segundo_Nombre, Primer_Apellido, Segundo_Apellido, Calle, Numero_Exterior)
values ('5591098389', 'Leonardo', ' ', 'Saldivar', 'Gomez', 'Loma 2', 48);

insert into Clientes(Telefono_Cliente, Primer_Nombre, Segundo_Nombre, Primer_Apellido, Segundo_Apellido, Calle, Numero_Exterior)
values ('5539630068', 'Julio', ' ', 'Romero', 'Zambrano', 'Oriente 23', 144);

insert into Clientes(Telefono_Cliente, Primer_Nombre, Segundo_Nombre, Primer_Apellido, Segundo_Apellido, Calle, Numero_Exterior)
values ('5596842072', 'Misael', ' ', 'Flores', 'Flores', 'Loma 2', 45);

insert into Clientes(Telefono_Cliente, Primer_Nombre, Segundo_Nombre, Primer_Apellido, Segundo_Apellido, Calle, Numero_Exterior)
values ('5559849048', 'Alexis', ' ', 'Bautista', 'Gonzales', 'Morelos', 161);

insert into Clientes(Telefono_Cliente, Primer_Nombre, Segundo_Nombre, Primer_Apellido, Segundo_Apellido, Calle, Numero_Exterior)
values ('5586740704', 'Casandra', ' ', 'Gonzales', 'Cruz', 'Loma 2', 89);

insert into Clientes (Telefono_Cliente, Primer_Nombre, Segundo_Nombre, Primer_Apellido, Segundo_Apellido, Calle, Numero_Exterior)
values ('5587133077', 'Alfredo', ' ', 'Gonzales', 'Moreno', 'Poniente 20', 12);

-- Tabla de prendas
insert into Notas(Folio_Nota, Telefono_Cliente, Tipo_Servicio, Fecha_Entrega_Estimada, Fecha_Hora_Estimada)
values(750, '5572210522', 'Lavado', '2021-02-13', '19:30');

insert into Notas(Folio_Nota, Telefono_Cliente, Tipo_Servicio, Fecha_Entrega_Estimada, Fecha_Hora_Estimada)
values(751, '5526015450', 'Teñido', '2021-06-24', '19:30');

insert into Notas(Folio_Nota, Telefono_Cliente, Tipo_Servicio, Fecha_Entrega_Estimada, Fecha_Hora_Estimada)
values(752, '5588728726', 'Reparación', '2021-07-08', '19:30');

insert into Notas(Folio_Nota, Telefono_Cliente, Tipo_Servicio, Fecha_Entrega_Estimada, Fecha_Hora_Estimada)
values(753, '5552774867', 'Lavado de seco', '2021-08-02', '19:30');

insert into Notas(Folio_Nota, Telefono_Cliente, Tipo_Servicio, Fecha_Entrega_Estimada, Fecha_Hora_Estimada)
values(754, '5570472184', 'Lavado', '2021-08-03', '19:30');

insert into Notas(Folio_Nota, Telefono_Cliente, Tipo_Servicio, Fecha_Entrega_Estimada, Fecha_Hora_Estimada)
values(755, '5529628501', 'Lavado', '2021-09-04', '19:30');

insert into Notas(Folio_Nota, Telefono_Cliente, Tipo_Servicio, Fecha_Entrega_Estimada, Fecha_Hora_Estimada)
values(756, '5583119396', 'Lavado', '2021-07-11', '19:30');

insert into Notas(Folio_Nota, Telefono_Cliente, Tipo_Servicio, Fecha_Entrega_Estimada, Fecha_Hora_Estimada)
values(757, '5583510568', 'Lavado', '2021-08-16', '19:30');

insert into Notas(Folio_Nota, Telefono_Cliente, Tipo_Servicio, Fecha_Entrega_Estimada, Fecha_Hora_Estimada)
values(758, '5586249212', 'Teñido', '2021-08-26', '19:30');

insert into Notas(Folio_Nota, Telefono_Cliente, Tipo_Servicio, Fecha_Entrega_Estimada, Fecha_Hora_Estimada)
values(759, '5561150401', 'Teñido', '2021-09-06', '19:30');

insert into Notas(Folio_Nota, Telefono_Cliente, Tipo_Servicio, Fecha_Entrega_Estimada, Fecha_Hora_Estimada)
values(800, '5568346061', 'Teñido', '2021-10-07', '19:30');

insert into Notas(Folio_Nota, Telefono_Cliente, Tipo_Servicio, Fecha_Entrega_Estimada, Fecha_Hora_Estimada)
values(801, '5592299421', 'Lavado en seco', '2021-09-06', '19:30');

insert into Notas(Folio_Nota, Telefono_Cliente, Tipo_Servicio, Fecha_Entrega_Estimada, Fecha_Hora_Estimada)
values(802, '5574721936', 'Planchado', '2021-09-09', '19:30');

insert into Notas(Folio_Nota, Telefono_Cliente, Tipo_Servicio, Fecha_Entrega_Estimada, Fecha_Hora_Estimada)
values(803, '5587133077', 'Planchado', '2021-09-11', '19:30');

insert into Notas(Folio_Nota, Telefono_Cliente, Tipo_Servicio, Fecha_Entrega_Estimada, Fecha_Hora_Estimada)
values(804, '5574873193', 'Lavado', '2021-09-15', '19:30');

insert into Notas(Folio_Nota, Telefono_Cliente, Tipo_Servicio, Fecha_Entrega_Estimada, Fecha_Hora_Estimada)
values(805, '5545303785', 'Planchado', '2021-09-14', '19:30');

insert into Notas(Folio_Nota, Telefono_Cliente, Tipo_Servicio, Fecha_Entrega_Estimada, Fecha_Hora_Estimada)
values(806, '5579578291', 'Lavado', '2021-09-20', '19:30');

insert into Notas(Folio_Nota, Telefono_Cliente, Tipo_Servicio, Fecha_Entrega_Estimada, Fecha_Hora_Estimada)
values(807, '5598276753', 'Lavado', '2021-09-27', '19:30');

insert into Notas(Folio_Nota, Telefono_Cliente, Tipo_Servicio, Fecha_Entrega_Estimada, Fecha_Hora_Estimada)
values(808, '5573498028', 'Lavado', '2021-10-04', '19:30');

insert into Notas(Folio_Nota, Telefono_Cliente, Tipo_Servicio, Fecha_Entrega_Estimada, Fecha_Hora_Estimada)
values(809, '5596984932', 'Lavado', '2021-10-08', '19:30');

insert into Notas(Folio_Nota, Telefono_Cliente, Tipo_Servicio, Fecha_Entrega_Estimada, Fecha_Hora_Estimada)
values(810, '5551901738', 'Lavado', '2021-10-09', '19:30');

insert into Notas(Folio_Nota, Telefono_Cliente, Tipo_Servicio, Fecha_Entrega_Estimada, Fecha_Hora_Estimada)
values(811, '5504711160', 'Lavado', '2021-10-10', '19:30');

insert into Notas(Folio_Nota, Telefono_Cliente, Tipo_Servicio, Fecha_Entrega_Estimada, Fecha_Hora_Estimada)
values(812, '5563802500', 'Planchado', '2021-10-10', '19:30');

insert into Notas(Folio_Nota, Telefono_Cliente, Tipo_Servicio, Fecha_Entrega_Estimada, Fecha_Hora_Estimada)
values(813, '5503288379', 'Planchado', '2021-10-11', '19:30');

insert into Notas(Folio_Nota, Telefono_Cliente, Tipo_Servicio, Fecha_Entrega_Estimada, Fecha_Hora_Estimada)
values(814, '5552393774', 'Planchado', '2021-10-15', '19:30');

insert into Notas(Folio_Nota, Telefono_Cliente, Tipo_Servicio, Fecha_Entrega_Estimada, Fecha_Hora_Estimada)
values(815, '5591098389', 'Lavado en seco', '2021-10-18', '19:30');

insert into Notas(Folio_Nota, Telefono_Cliente, Tipo_Servicio, Fecha_Entrega_Estimada, Fecha_Hora_Estimada)
values(816, '5539630068', 'Lavado en seco', '2021-10-20', '19:30');

insert into Notas(Folio_Nota, Telefono_Cliente, Tipo_Servicio, Fecha_Entrega_Estimada, Fecha_Hora_Estimada)
values(817, '5596842072', 'Planchado', '2021-10-21', '19:30');

insert into Notas(Folio_Nota, Telefono_Cliente, Tipo_Servicio, Fecha_Entrega_Estimada, Fecha_Hora_Estimada)
values(818, '5559849048', 'Lavado', '2021-10-24', '19:30');

insert into Notas(Folio_Nota, Telefono_Cliente, Tipo_Servicio, Fecha_Entrega_Estimada, Fecha_Hora_Estimada)
values(819, '5586740704', 'Lavado', '2021-11-05', '19:30');

-- Tabla precios prendas
insert into Precios_Prendas (Tipo_Prenda, Precio_Unitario)
values ('Pantalon',32.00);

insert into Precios_Prendas (Tipo_Prenda, Precio_Unitario)
values ('Sudadera', 35.00);

insert into Precios_Prendas (Tipo_Prenda, Precio_Unitario)
values ('Saco', 32.00);

insert into Precios_Prendas (Tipo_Prenda, Precio_Unitario)
values ('Traje', 64.00);

insert into Precios_Prendas (Tipo_Prenda, Precio_Unitario)
values ('Abrigo', 60.00);

insert into Precios_Prendas (Tipo_Prenda, Precio_Unitario)
values ('Chamarra', 65.00);

insert into Precios_Prendas (Tipo_Prenda, Precio_Unitario)
values ('Vestido de noche', 70.00);

insert into Precios_Prendas (Tipo_Prenda, Precio_Unitario)
values ('Playera', 35.00);

insert into Precios_Prendas (Tipo_Prenda, Precio_Unitario)
values ('Blusa', 32.00);

insert into Precios_Prendas (Tipo_Prenda, Precio_Unitario)
values ('Camisa', 32.00);

insert into Precios_Prendas (Tipo_Prenda, Precio_Unitario)
values ('Edredon', 100.00);

insert into Precios_Prendas (Tipo_Prenda, Precio_Unitario)
values ('Cobija', 80.00);

insert into Precios_Prendas (Tipo_Prenda, Precio_Unitario)
values ('Cobertor', 85.00);

insert into Precios_Prendas (Tipo_Prenda, Precio_Unitario)
values ('Chaleco', 40.00);

insert into Precios_Prendas (Tipo_Prenda, Precio_Unitario)
values ('Capa', 30.00);

insert into Precios_Prendas (Tipo_Prenda, Precio_Unitario)
values ('Gabardina', 55.00);

insert into Precios_Prendas (Tipo_Prenda, Precio_Unitario)
values ('Falda', 35.00);

insert into Precios_Prendas (Tipo_Prenda, Precio_Unitario)
values ('Corbata', 25.00);

insert into Precios_Prendas (Tipo_Prenda, Precio_Unitario)
values ('Pans', 35.00);

insert into Precios_Prendas (Tipo_Prenda, Precio_Unitario)
values ('Chalinas', 15.00);

-- Tabla de prendas
insert into Prendas(Folio_Nota, Tipo_Prenda, Color, Cantidad, Precio_Total, Observaciones, Fecha_Entrada, Hora_Entrada, Fecha_Salida, Hora_Salida)
values (750, 'Pantalon', 'Negro', 2, 64.00, 'Ninguna', '2021-02-11', '11:00', '2021-02-13', '13:10');

insert into Prendas(Folio_Nota, Tipo_Prenda, Color, Cantidad, Precio_Total, Observaciones, Fecha_Entrada, Hora_Entrada, Fecha_Salida, Hora_Salida)
values (751, 'Sudadera', 'Azul', 3, 105.00, 'Roto de la manga', '2021-06-17', '18:00', '2021-06-24', '18:34');

insert into Prendas(Folio_Nota, Tipo_Prenda, Color, Cantidad, Precio_Total, Observaciones, Fecha_Entrada, Hora_Entrada, Fecha_Salida, Hora_Salida)
values (752, 'Saco', 'Negro', 5, 160.00, 'Ninguna', '2021-07-04', '15:30', '2021-07-08', '14:45');

insert into Prendas(Folio_Nota, Tipo_Prenda, Color, Cantidad, Precio_Total, Observaciones, Fecha_Entrada, Hora_Entrada, Fecha_Salida, Hora_Salida)
values (753, 'Traje', 'Gris', 4, 256.00, 'Ninguna', '2021-07-31', '14:20', '2021-08-02', '16:23');

insert into Prendas(Folio_Nota, Tipo_Prenda, Color, Cantidad, Precio_Total, Observaciones, Fecha_Entrada, Hora_Entrada, Fecha_Salida, Hora_Salida)
values (754, 'Abrigo', 'Blanco', 2, 120.00, 'Mancha de cloro', '2021-08-01', '12:00', '2021-08-03', '13:45');

insert into Prendas(Folio_Nota, Tipo_Prenda, Color, Cantidad, Precio_Total, Observaciones, Fecha_Entrada, Hora_Entrada, Fecha_Salida, Hora_Salida)
values (755, 'Chamarra', 'Verde', 3, 195.00, 'Ninguna', '2021-08-02', '16:25', '2021-08-04', '16:14');

insert into Prendas(Folio_Nota, Tipo_Prenda, Color, Cantidad, Precio_Total, Observaciones, Fecha_Entrada, Hora_Entrada, Fecha_Salida, Hora_Salida)
values (756, 'Vestido de noche', 'Rojo', 6, 420.00, 'Luido', '2021-08-09', '16:30', '2021-08-11', '17:12');

insert into Prendas(Folio_Nota, Tipo_Prenda, Color, Cantidad, Precio_Total, Observaciones, Fecha_Entrada, Hora_Entrada, Fecha_Salida, Hora_Salida)
values (757, 'Playera', 'Verde', 2, 70.00, 'Ninguna', '2021-08-14', '13:45', '2021-08-16', '16:23');

insert into Prendas(Folio_Nota, Tipo_Prenda, Color, Cantidad, Precio_Total, Observaciones, Fecha_Entrada, Hora_Entrada, Fecha_Salida, Hora_Salida)
values (758, 'Blusa', 'Blanco', 2, 64.00, 'Ninguna', '2021-08-22', '15:50', '2021-08-26', '16:19');

insert into Prendas(Folio_Nota, Tipo_Prenda, Color, Cantidad, Precio_Total, Observaciones, Fecha_Entrada, Hora_Entrada, Fecha_Salida, Hora_Salida)
values (759, 'Camisa', 'Lila', 2, 64.00, 'Ninguna', '2021-08-24', '17:40', '2021-08-28', '14:45');

insert into Prendas(Folio_Nota, Tipo_Prenda, Color, Cantidad, Precio_Total, Observaciones, Fecha_Entrada, Hora_Entrada, Fecha_Salida, Hora_Salida)
values (800, 'Edredon', 'Azul', 2, 200.00, 'Ninguna', '2021-09-30', '19:30', '2021-10-07', '16:24');

insert into Prendas(Folio_Nota, Tipo_Prenda, Color, Cantidad, Precio_Total, Observaciones, Fecha_Entrada, Hora_Entrada, Fecha_Salida, Hora_Salida)
values (801, 'Cobija', 'Ginda', 2, 160.00, 'Mchas de grasa', '2021-09-04', '14:35', '2021-09-06', '16:24');

insert into Prendas(Folio_Nota, Tipo_Prenda, Color, Cantidad, Precio_Total, Observaciones, Fecha_Entrada, Hora_Entrada, Fecha_Salida, Hora_Salida)
values (802, 'Cobertor', 'Blanco', 1, 85.00, 'Ninguna', '2021-09-08', '19:20', '2021-09-09', '16:16');

insert into Prendas(Folio_Nota, Tipo_Prenda, Color, Cantidad, Precio_Total, Observaciones, Fecha_Entrada, Hora_Entrada, Fecha_Salida, Hora_Salida)
values (803, 'Sudadera', 'Verde', 1, 35.00, 'Ninguna', '2021-09-10', '15:50', '2021-09-11', '08:12');

insert into Prendas(Folio_Nota, Tipo_Prenda, Color, Cantidad, Precio_Total, Observaciones, Fecha_Entrada, Hora_Entrada, Fecha_Salida, Hora_Salida)
values (804, 'Blusa', 'Blanco', 1, 32.00, 'Ninguna', '2021-09-13', '17:45', '2021-09-15', '09:28');

insert into Prendas(Folio_Nota, Tipo_Prenda, Color, Cantidad, Precio_Total, Observaciones, Fecha_Entrada, Hora_Entrada, Fecha_Salida, Hora_Salida)
values (805, 'Chaleco', 'Azul', 3, 40.00, 'Rasgado', '2021-09-13', '16:50', '2021-09-14', '12:46');

insert into Prendas(Folio_Nota, Tipo_Prenda, Color, Cantidad, Precio_Total, Observaciones, Fecha_Entrada, Hora_Entrada, Fecha_Salida, Hora_Salida)
values (806, 'Capa', 'Negra', 1, 30.00, 'Ninguna', '2021-09-17', '13:25', '2021-09-20', '13:48');

insert into Prendas(Folio_Nota, Tipo_Prenda, Color, Cantidad, Precio_Total, Observaciones, Fecha_Entrada, Hora_Entrada, Fecha_Salida, Hora_Salida)
values (807, 'Gabardina', 'Café', 1, 55.00, 'Ninguna', '2021-09-24', '11:30', '2021-09-27', '18:37');

insert into Prendas(Folio_Nota, Tipo_Prenda, Color, Cantidad, Precio_Total, Observaciones, Fecha_Entrada, Hora_Entrada, Fecha_Salida, Hora_Salida)
values (808, 'Falda', 'Negro', 2, 70.00, 'Pintada', '2021-10-02', '10:00', '2021-10-04', '12:36');

insert into Prendas(Folio_Nota, Tipo_Prenda, Color, Cantidad, Precio_Total, Observaciones, Fecha_Entrada, Hora_Entrada, Fecha_Salida, Hora_Salida)
values (809, 'Corbata', 'Lila', 9, 225.00, 'Roto de un lado', '2021-10-06', '12:00', '2021-10-08', '18:29');

insert into Prendas(Folio_Nota, Tipo_Prenda, Color, Cantidad, Precio_Total, Observaciones, Fecha_Entrada, Hora_Entrada, Fecha_Salida, Hora_Salida)
values (810, 'Pantalon', 'Azul marino', 4, 128.00, 'Ninguna', '2021-10-07', '10:30', '2021-10-09', '13:39');

insert into Prendas(Folio_Nota, Tipo_Prenda, Color, Cantidad, Precio_Total, Observaciones, Fecha_Entrada, Hora_Entrada, Fecha_Salida, Hora_Salida)
values (811, 'Pans', 'Rojo', 4, 140.00, 'Ninguna', '2021-10-08', '17:55', '2021-10-10', '16:24');

insert into Prendas(Folio_Nota, Tipo_Prenda, Color, Cantidad, Precio_Total, Observaciones, Fecha_Entrada, Hora_Entrada, Fecha_Salida, Hora_Salida)
values (812, 'Chalinas', 'Blanco', 15, 225.00, 'Ninguna', '2021-10-09', '15:40', '2021-10-10', '13:15');

insert into Prendas(Folio_Nota, Tipo_Prenda, Color, Cantidad, Precio_Total, Observaciones, Fecha_Entrada, Hora_Entrada, Fecha_Salida, Hora_Salida)
values (813, 'Camisa', 'Amarillo', 12, 384.00, 'Ninguna', '2021-10-10', '19:00', '2021-10-11', '16:10');

insert into Prendas(Folio_Nota, Tipo_Prenda, Color, Cantidad, Precio_Total, Observaciones, Fecha_Entrada, Hora_Entrada, Fecha_Salida, Hora_Salida)
values (814, 'Pantalon', 'Gris oxfo', 7, 224.00, 'Ninguna', '2021-10-13', '16:00', '2021-10-15', '15:14');

insert into Prendas(Folio_Nota, Tipo_Prenda, Color, Cantidad, Precio_Total, Observaciones, Fecha_Entrada, Hora_Entrada, Fecha_Salida, Hora_Salida)
values (815, 'Sudadera', 'Beige', 6, 210.00, 'Ninguna', '2021-10-16', '14:15', '2021-10-18', '16:12');

insert into Prendas(Folio_Nota, Tipo_Prenda, Color, Cantidad, Precio_Total, Observaciones, Fecha_Entrada, Hora_Entrada, Fecha_Salida, Hora_Salida)
values (816, 'Abrigo', 'Rosa', 3, 180.00, 'Manchas de grasa', '2021-10-18', '20:00', '2021-10-20', '12:14');

insert into Prendas(Folio_Nota, Tipo_Prenda, Color, Cantidad, Precio_Total, Observaciones, Fecha_Entrada, Hora_Entrada, Fecha_Salida, Hora_Salida)
values (817, 'Traje', 'Gris', 3, 180.00, 'Ninguna', '2021-10-19', '13:45', '2021-10-21', '16:15');

insert into Prendas(Folio_Nota, Tipo_Prenda, Color, Cantidad, Precio_Total, Observaciones, Fecha_Entrada, Hora_Entrada, Fecha_Salida, Hora_Salida)
values (818, 'Saco', 'Morado', 3, 96.00, 'Ninguna', '2021-10-22', '11:30', '2021-10-24', '13:15');

insert into Prendas(Folio_Nota, Tipo_Prenda, Color, Cantidad, Precio_Total, Observaciones, Fecha_Entrada, Hora_Entrada, Fecha_Salida, Hora_Salida)
values (819, 'Pantalon', 'Verde', 8, 256.00, 'Ninguna', '2021-11-03', '14:50', '2021-11-05', '15:13');

-- Tabla Areas
insert into Areas(Identificador_Area, Numero_Area, Nombre_Area, Cantidad_Empleados)
values ('M', 1, 'Mostrador', 2);

insert into Areas(Identificador_Area, Numero_Area, Nombre_Area, Cantidad_Empleados)
values ('P', 2, 'Planta', 1);

insert into Areas(Identificador_Area, Numero_Area, Nombre_Area, Cantidad_Empleados)
values ('L', 3, 'Lavado', 1);

insert into Areas(Identificador_Area, Numero_Area, Nombre_Area, Cantidad_Empleados)
values ('PL', 4, 'Planchado', 1);

-- Tabla de mostrador
insert into Mostrador (Folio_Nota, Fecha_Entrada, Identificador_Area, Hora_Entrada, Fecha_Salida, Hora_Salida, Area_Siguiente, Estatus)
values (750, '2021-02-11', 'M', '11:00', '2021-02-11', '19:30', 'L', 'Enviada');

INSERT INTO Mostrador (`Folio_Nota`, `Fecha_Entrada`, `Identificador_Area`, `Hora_Entrada`, `Fecha_Salida`, `Hora_Salida`, `Area_Siguiente`, `Estatus`) 
VALUES ('751', '2021-06-17', 'M', '18:00', '2021-06-17', '19:30', 'T', 'Enviada');

insert into Mostrador (Folio_Nota, Fecha_Entrada, Identificador_Area, Hora_Entrada, Fecha_Salida, Hora_Salida, Area_Siguiente, Estatus)
values (752, '2021-07-04', 'M', '15:30', '2021-07-04', '19:30', 'REP', 'Enviada');

insert into Mostrador (Folio_Nota, Fecha_Entrada, Identificador_Area, Hora_Entrada, Fecha_Salida, Hora_Salida, Area_Siguiente, Estatus)
values (753, '2021-07-31', 'M', '14:20', '2021-07-31', '19:30', 'P', 'Enviada');

insert into Mostrador (Folio_Nota, Fecha_Entrada, Identificador_Area, Hora_Entrada, Fecha_Salida, Hora_Salida, Area_Siguiente, Estatus)
values (754, '2021-08-01', 'M', '12:00', '2021-08-01', '19:30', 'L', 'Enviada');

insert into Mostrador (Folio_Nota, Fecha_Entrada, Identificador_Area, Hora_Entrada, Fecha_Salida, Hora_Salida, Area_Siguiente, Estatus)
values (755, '2021-09-02', 'M', '16:25', '2021-09-02', '19:30', 'L', 'Enviada');

insert into Mostrador (Folio_Nota, Fecha_Entrada, Identificador_Area, Hora_Entrada, Fecha_Salida, Hora_Salida, Area_Siguiente, Estatus)
values (756, '2021-09-07', 'M', '16:30', '2021-09-07', '19:30', 'L', 'Enviada');

insert into Mostrador (Folio_Nota, Fecha_Entrada, Identificador_Area, Hora_Entrada, Fecha_Salida, Hora_Salida, Area_Siguiente, Estatus)
values (757, '2021-08-14', 'M', '13:45', '2021-08-14', '19:30', 'L', 'Enviada');

insert into Mostrador (Folio_Nota, Fecha_Entrada, Identificador_Area, Hora_Entrada, Fecha_Salida, Hora_Salida, Area_Siguiente, Estatus)
values (758, '2021-08-22', 'M', '15:50', '2021-08-22', '19:30', 'T', 'Enviada');

insert into Mostrador (Folio_Nota, Fecha_Entrada, Identificador_Area, Hora_Entrada, Fecha_Salida, Hora_Salida, Area_Siguiente, Estatus)
values (759, '2021-08-24', 'M', '17:40', '2021-08-24', '19:30', 'T', 'Enviada');

insert into Mostrador (Folio_Nota, Fecha_Entrada, Identificador_Area, Hora_Entrada, Fecha_Salida, Hora_Salida, Area_Siguiente, Estatus)
values (800, '2021-09-30', 'M', '19:30', '2021-09-30', '19:30', 'T', 'Enviada');

insert into Mostrador (Folio_Nota, Fecha_Entrada, Identificador_Area, Hora_Entrada, Fecha_Salida, Hora_Salida, Area_Siguiente, Estatus)
values (801, '2021-09-04', 'M', '14:35', '2021-09-04', '19:30', 'P', 'Enviada');

insert into Mostrador (Folio_Nota, Fecha_Entrada, Identificador_Area, Hora_Entrada, Fecha_Salida, Hora_Salida, Area_Siguiente, Estatus)
values (802, '2021-09-08', 'M', '19:20', '2021-09-08', '19:30', 'PL', 'Enviada');

insert into Mostrador (Folio_Nota, Fecha_Entrada, Identificador_Area, Hora_Entrada, Fecha_Salida, Hora_Salida, Area_Siguiente, Estatus)
values (803, '2021-09-10', 'M', '15:50', '2021-09-10', '19:30', 'PL', 'Enviada');

insert into Mostrador (Folio_Nota, Fecha_Entrada, Identificador_Area, Hora_Entrada, Fecha_Salida, Hora_Salida, Area_Siguiente, Estatus)
values (804, '2021-09-13', 'M', '07:42', '2021-09-13', '19:30', 'L', 'Enviada');

insert into Mostrador (Folio_Nota, Fecha_Entrada, Identificador_Area, Hora_Entrada, Fecha_Salida, Hora_Salida, Area_Siguiente, Estatus)
values (805, '2021-09-14', 'M', '16:55', '2021-09-14', '19:30', 'PL', 'Enviada');

insert into Mostrador (Folio_Nota, Fecha_Entrada, Identificador_Area, Hora_Entrada, Fecha_Salida, Hora_Salida, Area_Siguiente, Estatus)
values (806, '2021-09-17', 'M', '13:19', '2021-09-17', '19:30', 'L', 'Enviada');

insert into Mostrador (Folio_Nota, Fecha_Entrada, Identificador_Area, Hora_Entrada, Fecha_Salida, Hora_Salida, Area_Siguiente, Estatus)
values (807, '2021-09-24', 'M', '11:02', '2021-09-24', '19:30', 'L', 'Enviada');

insert into Mostrador (Folio_Nota, Fecha_Entrada, Identificador_Area, Hora_Entrada, Fecha_Salida, Hora_Salida, Area_Siguiente, Estatus)
values (808, '2021-10-02', 'M', '10:00', '2021-10-02', '19:30', 'L', 'Enviada');

insert into Mostrador (Folio_Nota, Fecha_Entrada, Identificador_Area, Hora_Entrada, Fecha_Salida, Hora_Salida, Area_Siguiente, Estatus)
values (809, '2021-10-06', 'M', '12:23', '2021-10-06', '19:30', 'L', 'Enviada');

insert into Mostrador (Folio_Nota, Fecha_Entrada, Identificador_Area, Hora_Entrada, Fecha_Salida, Hora_Salida, Area_Siguiente, Estatus)
values (810, '2021-10-07', 'M', '14:25', '2021-10-07', '19:30', 'L', 'Enviada');

insert into Mostrador (Folio_Nota, Fecha_Entrada, Identificador_Area, Hora_Entrada, Fecha_Salida, Hora_Salida, Area_Siguiente, Estatus)
values (811, '2021-10-08', 'M', '20:00', '2021-10-08', '19:30', 'L', 'Enviada');

insert into Mostrador (Folio_Nota, Fecha_Entrada, Identificador_Area, Hora_Entrada, Fecha_Salida, Hora_Salida, Area_Siguiente, Estatus)
values (812, '2021-10-09', 'M', '14:47', '2021-10-09', '19:30', 'PL', 'Enviada');

insert into Mostrador (Folio_Nota, Fecha_Entrada, Identificador_Area, Hora_Entrada, Fecha_Salida, Hora_Salida, Area_Siguiente, Estatus)
values (813, '2021-10-10', 'M', '13:22', '2021-10-10', '19:30', 'PL', 'Enviada');

insert into Mostrador (Folio_Nota, Fecha_Entrada, Identificador_Area, Hora_Entrada, Fecha_Salida, Hora_Salida, Area_Siguiente, Estatus)
values (814, '2021-10-13', 'M', '11:52', '2021-10-13', '19:30', 'PL', 'Enviada');

insert into Mostrador (Folio_Nota, Fecha_Entrada, Identificador_Area, Hora_Entrada, Fecha_Salida, Hora_Salida, Area_Siguiente, Estatus)
values (815, '2021-10-16', 'M', '16:34', '2021-10-16', '19:30', 'P', 'Enviada');

insert into Mostrador (Folio_Nota, Fecha_Entrada, Identificador_Area, Hora_Entrada, Fecha_Salida, Hora_Salida, Area_Siguiente, Estatus)
values (816, '2021-10-18', 'M', '17:34', '2021-10-18', '19:30', 'P', 'Enviada');

insert into Mostrador (Folio_Nota, Fecha_Entrada, Identificador_Area, Hora_Entrada, Fecha_Salida, Hora_Salida, Area_Siguiente, Estatus)
values (817, '2021-10-19', 'M', '13:20', '2021-10-19', '19:30', 'PL', 'Enviada');

insert into Mostrador (Folio_Nota, Fecha_Entrada, Identificador_Area, Hora_Entrada, Fecha_Salida, Hora_Salida, Area_Siguiente, Estatus)
values (818, '2021-10-22', 'M', '11:17', '2021-10-22', '19:30', 'L', 'Enviada');

insert into Mostrador (Folio_Nota, Fecha_Entrada, Identificador_Area, Hora_Entrada, Fecha_Salida, Hora_Salida, Area_Siguiente, Estatus)
values (819, '2021-11-03', 'M', '12:22', '2021-11-03', '19:30', 'L', 'Enviada');

-- Tabla de planta
alter table Planta modify Area_Siguiente char(3) not null;

insert into Planta(Folio_Nota, Fecha_Entrada, Identificador_Area, Hora_Entrada, Fecha_Salida, Hora_Salida, Estatus, Area_Siguiente)
values (753, '2021-07-01', 'P', '11:00', '2021-07-01', '15:00', 'Terminada','PL');

insert into Planta(Folio_Nota, Fecha_Entrada, Identificador_Area, Hora_Entrada, Fecha_Salida, Hora_Salida, Estatus, Area_Siguiente)
values (801, '2021-09-05', 'P', '11:00', '2021-09-05', '15:00', 'Terminada','PL');

insert into Planta(Folio_Nota, Fecha_Entrada, Identificador_Area, Hora_Entrada, Fecha_Salida, Hora_Salida, Estatus, Area_Siguiente)
values (815, '2021-10-17', 'P', '11:00', '2021-10-17', '15:00', 'Terminada','PL');

insert into Planta(Folio_Nota, Fecha_Entrada, Identificador_Area, Hora_Entrada, Fecha_Salida, Hora_Salida, Estatus, Area_Siguiente)
values (816, '2021-10-19', 'P', '11:00', '2021-10-19', '15:00', 'Terminada','PL');

-- Tabla de Lavado
alter table Lavado modify Fecha_Salida date;
alter table Lavado modify Hora_Salida time;
alter table Lavado modify Area_Siguiente char(3) not null;

insert into Lavado (Folio_Nota, Fecha_Entrada, Identificador_Area, Hora_Entrada, Estatus, Area_Siguiente)
values (750, '2021-02-12', 'L', '11:30', 'Pendiente', 'PL');

insert into Lavado (Folio_Nota, Fecha_Entrada, Identificador_Area, Hora_Entrada, Estatus, Area_Siguiente)
values (754, '2021-02-08', 'L', '11:30', 'Pendiente', 'PL');

insert into Lavado (Folio_Nota, Fecha_Entrada, Identificador_Area, Hora_Entrada, Estatus, Area_Siguiente)
values (755, '2021-08-03', 'L', '11:30', 'Pendiente', 'PL');

insert into Lavado (Folio_Nota, Fecha_Entrada, Identificador_Area, Hora_Entrada, Fecha_Salida, Hora_Salida, Estatus, Area_Siguiente)
values (756, '2021-08-10', 'L', '11:30', '2021-08-10', '15:30', 'Terminada', 'PL');

insert into Lavado (Folio_Nota, Fecha_Entrada, Identificador_Area, Hora_Entrada, Fecha_Salida, Hora_Salida, Estatus, Area_Siguiente)
values (757, '2021-08-15', 'L', '11:30', '2021-08-15', '15:30', 'Terminada', 'PL');

insert into Lavado (Folio_Nota, Fecha_Entrada, Identificador_Area, Hora_Entrada, Estatus, Area_Siguiente)
values (804, '2021-09-14', 'L', '11:30', 'Pendiente', 'PL');

insert into Lavado (Folio_Nota, Fecha_Entrada, Identificador_Area, Hora_Entrada, Estatus, Area_Siguiente)
values (806, '2021-09-18', 'L', '11:30', 'Pendiente', 'PL');

insert into Lavado (Folio_Nota, Fecha_Entrada, Identificador_Area, Hora_Entrada, Fecha_Salida, Hora_Salida, Estatus, Area_Siguiente)
values (807, '2021-09-25', 'L', '11:30', '2021-09-25', '15:30', 'Terminada', 'PL');

insert into Lavado (Folio_Nota, Fecha_Entrada, Identificador_Area, Hora_Entrada, Fecha_Salida, Hora_Salida, Estatus, Area_Siguiente)
values (808, '2021-10-03', 'L', '11:30', '2021-10-03', '15:30', 'Terminada', 'PL');

insert into Lavado (Folio_Nota, Fecha_Entrada, Identificador_Area, Hora_Entrada, Fecha_Salida, Hora_Salida, Estatus, Area_Siguiente)
values (809, '2021-10-07', 'L', '11:30', '2021-10-07', '15:30', 'Terminada', 'PL');

insert into Lavado (Folio_Nota, Fecha_Entrada, Identificador_Area, Hora_Entrada, Estatus, Area_Siguiente)
values (810, '2021-10-08', 'L', '11:30', 'Pendiente', 'PL');

insert into Lavado (Folio_Nota, Fecha_Entrada, Identificador_Area, Hora_Entrada, Estatus, Area_Siguiente)
values (811, '2021-10-09', 'L', '11:30', 'Pendiente', 'PL');

insert into Lavado (Folio_Nota, Fecha_Entrada, Identificador_Area, Hora_Entrada, Estatus, Area_Siguiente)
values (818, '2021-10-23', 'L', '11:30', 'Pendiente', 'PL');

insert into Lavado (Folio_Nota, Fecha_Entrada, Identificador_Area, Hora_Entrada, Estatus, Area_Siguiente)
values (819, '2021-11-04', 'L', '11:30', 'Pendiente', 'PL');

-- Tabla de planchado
alter table Planchado modify Fecha_Salida date;
alter table Planchado modify Hora_Salida time;
alter table Planchado modify Area_Siguiente char(3) not null;

insert into Planchado (Folio_Nota, Fecha_Entrada, Identificador_Area, Hora_Entrada, Estatus, Area_Siguiente)
values (802, '2021-09-09', 'PL', '16:00', 'Pendiente', 'M');

insert into Planchado (Folio_Nota, Fecha_Entrada, Identificador_Area, Hora_Entrada, Estatus, Area_Siguiente)
values (803, '2021-09-11', 'PL', '16:00', 'Pendiente', 'M');

insert into Planchado (Folio_Nota, Fecha_Entrada, Identificador_Area, Hora_Entrada, Estatus, Area_Siguiente)
values (805, '2021-09-14', 'PL', '16:00', 'Pendiente', 'M');

insert into Planchado (Folio_Nota, Fecha_Entrada, Identificador_Area, Hora_Entrada, Fecha_Salida, Hora_Salida, Estatus, Area_Siguiente)
values (812, '2021-10-10', 'PL', '16:00', '2021-10-10', '19:40', 'Terminada', 'M');

insert into Planchado (Folio_Nota, Fecha_Entrada, Identificador_Area, Hora_Entrada, Fecha_Salida, Hora_Salida, Estatus, Area_Siguiente)
values (813, '2021-10-11', 'PL', '16:00', '2021-10-11', '19:40', 'Terminada', 'M');

insert into Planchado (Folio_Nota, Fecha_Entrada, Identificador_Area, Hora_Entrada, Estatus, Area_Siguiente)
values (814, '2021-10-12', 'PL', '16:00', 'Pendiente', 'M');

insert into Planchado (Folio_Nota, Fecha_Entrada, Identificador_Area, Hora_Entrada, Fecha_Salida, Hora_Salida, Estatus, Area_Siguiente)
values (817, '2021-10-13', 'PL', '16:00', '2021-10-17', '19:40', 'Terminada', 'M');

-- Tabla de colaboradores
insert into  Colaboradores (Telefono_Colaborador, Nombre_Colaborador, Primer_Apellido_Colaborador, Segundo_Apellido_Colaborador)
values ('5513106553', 'Oscar', 'Riveros', 'Ortega');

-- Tabla de teñido y reparacion
alter table Tenido_Reparacion modify Tipo_Servicio varchar(25) not null;

insert into Tenido_Reparacion (Folio_Nota, Cantidad_Prendas, Tipo_Servicio, Telefono_Colaborador, Estatus)
values (751, 2, 'Reparacion de cierres', '5513106553', 'Pendiente');

insert into Tenido_Reparacion (Folio_Nota, Cantidad_Prendas, Tipo_Servicio, Telefono_Colaborador, Estatus)
values (752, 1, 'Teñido', '5513106553', 'Terminada');

insert into Tenido_Reparacion (Folio_Nota, Cantidad_Prendas, Tipo_Servicio, Telefono_Colaborador, Estatus)
values (758, 3, 'Teñido', '5513106553', 'Terminada');

insert into Tenido_Reparacion (Folio_Nota, Cantidad_Prendas, Tipo_Servicio, Telefono_Colaborador, Estatus)
values (759, 4, 'Teñido', '5513106553', 'Terminada');

insert into Tenido_Reparacion (Folio_Nota, Cantidad_Prendas, Tipo_Servicio, Telefono_Colaborador, Estatus)
values (800, 5, 'Teñido', '5513106553', 'Pendiente');

-- Tabla de productos
alter table Productos modify Nombre_Producto varchar(40) not null;
alter table Productos modify UM char(10) not null;

insert into Productos (Clave_Producto, Nombre_Producto, Piezas, UM, Descripcion_Producto, Precio_Unitario, Existencia)
values ('CPT-03', 'Carton para corbata', 100, 'Piezas', 'Caja', 92.80, 35);

insert into Productos (Clave_Producto, Nombre_Producto, Piezas, UM, Descripcion_Producto, Precio_Unitario, Existencia)
values ('V-33', 'Bolsa para corbata', 100, 'Piezas', 'Rollo', 92.80, 50);

insert into Productos (Clave_Producto, Nombre_Producto, Piezas, UM, Descripcion_Producto, Precio_Unitario, Existencia)
values ('P-10', 'Rollo para marcar', 10, 'Metros', 'Caja', 39.44, 2);

insert into Productos (Clave_Producto, Nombre_Producto, Piezas, UM, Descripcion_Producto, Precio_Unitario, Existencia)
values ('T-B30-006', 'Paquete caballete engomado importado', 500, 'Piezas', 'Caja', 255.20, 350);

insert into Productos (Clave_Producto, Nombre_Producto, Piezas, UM, Descripcion_Producto, Precio_Unitario, Existencia)
values ('HAN-01A', 'Gancho strut dorado o blanco', 500, 'Piezas', 'Caja', 1000.00, 200);

insert into Productos (Clave_Producto, Nombre_Producto, Piezas, UM, Descripcion_Producto, Precio_Unitario, Existencia)
values ('HAN-06', 'Gancho estandar azul cal 12,5', 500, 'Piezas', 'Caja', 645.00, 175);

insert into Productos (Clave_Producto, Nombre_Producto, Piezas, UM, Descripcion_Producto, Precio_Unitario, Existencia)
values ('KC-02', 'Jabon liquido para ropa blanca', 4, 'Litros', 'Garrafon', 60.70, 1);

insert into Productos (Clave_Producto, Nombre_Producto, Piezas, UM, Descripcion_Producto, Precio_Unitario, Existencia)
values ('KC-04', 'Jabon liquido para ropa obscura', 4, 'Litros', 'Garrafon', 60.70, 2);

insert into Productos (Clave_Producto, Nombre_Producto, Piezas, UM, Descripcion_Producto, Precio_Unitario, Existencia)
values ('KC-09', 'Jabon liquido aviva el color', 4, 'Litros', 'Garrafon', 337.63, 2);

insert into Productos (Clave_Producto, Nombre_Producto, Piezas, UM, Descripcion_Producto, Precio_Unitario, Existencia)
values ('KC-12', 'Predesmanchado para cuello y puños', 4, 'Litros', 'Garrafon', 59.60, 1);

insert into Productos (Clave_Producto, Nombre_Producto, Piezas, UM, Descripcion_Producto, Precio_Unitario, Existencia)
values ('KC-16', 'Suavizante con agadable aroma', 4, 'Litros', 'Garrafon', 90.60, 2);

insert into Productos (Clave_Producto, Nombre_Producto, Piezas, UM, Descripcion_Producto, Precio_Unitario, Existencia)
values ('KC-23', 'Suavizante de telas', 3, 'Litros', 'Garrafon', 57.90, 1);

insert into Productos (Clave_Producto, Nombre_Producto, Piezas, UM, Descripcion_Producto, Precio_Unitario, Existencia)
values ('KC-25', 'Ultra Klin', 3, 'Litros', 'Garrafon', 107.80, 2);

insert into Productos (Clave_Producto, Nombre_Producto, Piezas, UM, Descripcion_Producto, Precio_Unitario, Existencia)
values ('KC-28', 'Pino klin', 3, 'Litros', 'Garrafon', 49.28, 1);

insert into Productos (Clave_Producto, Nombre_Producto, Piezas, UM, Descripcion_Producto, Precio_Unitario, Existencia)
values ('KC-13', 'Predesmanchador', 3, 'Litros', 'Garrafon', 59.60, 2);

insert into Productos (Clave_Producto, Nombre_Producto, Piezas, UM, Descripcion_Producto, Precio_Unitario, Existencia)
values ('V-26', 'Rollo bolsa para seco', 25, 'Kilos', 'Rollo', 568.04, 15);

insert into Productos (Clave_Producto, Nombre_Producto, Piezas, UM, Descripcion_Producto, Precio_Unitario, Existencia)
values ('V-14', 'Rollo bolsa para vestido largo', 25, 'Kilos', 'Rollo', 568.04, 10);

-- Tablas de Proveedores
alter table Proveedores modify Calle varchar(25) not null;
alter table Proveedores modify Colonia varchar(25) not null;
alter table Proveedores modify Catalogo_Productos varchar(50) not null;
alter table Proveedores modify Estado varchar(20) not null;

insert into Proveedores (Nombre_Distribuidora, Codigo_Postal, Calle, Numero_Exterior, Colonia, Telefono_Principal, Telefono_Alterno, Correo_Electronico, Metodo_Pago, Catalogo_Productos, Municipio, Estado)
values('Velasquez', '54180', 'Jose Ma. Pino Suarez', 8, 'San Juan Ixhuatepec', '57460963', '27333631', 'distribuidoravelasquez@hotmail.com', 'Efectivo', 'Accesorios para tintoreria y lavancerias', 'Tlanepantla', 'Estado de mexico');

insert into Proveedores (Nombre_Distribuidora, Codigo_Postal, Calle, Numero_Exterior, Colonia, Telefono_Principal, Telefono_Alterno, Correo_Electronico, Metodo_Pago, Catalogo_Productos, Municipio, Estado)
values ('Alejandro', '13205', 'Oriente', 4, 'Loma Bonita', '5542669356', '5611432509', 'elejo65@gmail.com', 'Efectivo', 'Detergentes y accesorios', 'Chimualhuacán', 'Estado de México');

insert into Proveedores (Nombre_Distribuidora, Codigo_Postal, Calle, Numero_Exterior, Colonia, Telefono_Principal, Telefono_Alterno, Correo_Electronico, Metodo_Pago, Catalogo_Productos, Municipio, Estado)
values ('Rodriguez', '13277', 'Gomez', 45, 'San Juan Ixhuatepec', '5538571840', '5618265387', 'marthavel@gmail.com', 'Efectivo', 'Accesorios y reparaciones', 'Chimalhuacán', 'Estado de México');

-- Tablas de pedidos
insert into Pedidos (Numero_Pedido, Fecha_Pedido, Total_Pagar, Nombre_Distribuidora)
values ('56236781', '2020-11-01', 5334.92, 'Velasquez');

insert into Pedidos (Numero_Pedido, Fecha_Pedido, Total_Pagar, Nombre_Distribuidora)
values ('56236782', '2020-01-28', 4172.36, 'Velasquez');

insert into Pedidos (Numero_Pedido, Fecha_Pedido, Total_Pagar, Nombre_Distribuidora)
values ('56236783', '2020-02-11', 5334.92, 'Velasquez');

-- Tablas de detalles de pedidos
insert into Detalles_Pedidos (Numero_Pedido, ID_Producto, Cantidad_Producto)
values ('56236781', 'CPT-03', 1);

insert into Detalles_Pedidos (Numero_Pedido, ID_Producto, Cantidad_Producto)
values ('56236781', 'V-33', 1);

insert into Detalles_Pedidos (Numero_Pedido, ID_Producto, Cantidad_Producto)
values ('56236781', 'P-10', 2);

insert into Detalles_Pedidos (Numero_Pedido, ID_Producto, Cantidad_Producto)
values ('56236781', 'T-B30-006', 1);

insert into Detalles_Pedidos (Numero_Pedido, ID_Producto, Cantidad_Producto)
values ('56236781', 'HAN-01A', 1);

insert into Detalles_Pedidos (Numero_Pedido, ID_Producto, Cantidad_Producto)
values ('56236781', 'HAN-06', 1);

insert into Detalles_Pedidos (Numero_Pedido, ID_Producto, Cantidad_Producto)
values ('56236781', 'KC-02', 2);

insert into Detalles_Pedidos (Numero_Pedido, ID_Producto, Cantidad_Producto)
values ('56236781', 'KC-04', 2);

insert into Detalles_Pedidos (Numero_Pedido, ID_Producto, Cantidad_Producto)
values ('56236781', 'KC-09', 2);

insert into Detalles_Pedidos (Numero_Pedido, ID_Producto, Cantidad_Producto)
values ('56236781', 'KC-16', 2);

insert into Detalles_Pedidos (Numero_Pedido, ID_Producto, Cantidad_Producto)
values ('56236781', 'KC-23', 2);

insert into Detalles_Pedidos (Numero_Pedido, ID_Producto, Cantidad_Producto)
values ('56236781', 'KC-25', 1);

insert into Detalles_Pedidos (Numero_Pedido, ID_Producto, Cantidad_Producto)
values ('56236781', 'KC-28', 1);

insert into Detalles_Pedidos (Numero_Pedido, ID_Producto, Cantidad_Producto)
values ('56236781', 'KC-12', 1);

insert into Detalles_Pedidos (Numero_Pedido, ID_Producto, Cantidad_Producto)
values ('56236781', 'V-26', 2);

insert into Detalles_Pedidos (Numero_Pedido, ID_Producto, Cantidad_Producto)
values ('56236781', 'V-14', 2);

insert into Detalles_Pedidos (Numero_Pedido, ID_Producto, Cantidad_Producto)
values ('56236782', 'HAN-01A', 1);

insert into Detalles_Pedidos (Numero_Pedido, ID_Producto, Cantidad_Producto)
values ('56236782', 'HAN-06', 1);

insert into Detalles_Pedidos (Numero_Pedido, ID_Producto, Cantidad_Producto)
values ('56236782', 'T-B30-006', 1);

insert into Detalles_Pedidos (Numero_Pedido, ID_Producto, Cantidad_Producto)
values ('56236782', 'V-26', 2);

insert into Detalles_Pedidos (Numero_Pedido, ID_Producto, Cantidad_Producto)
values ('56236782', 'V-14', 2);

insert into Detalles_Pedidos (Numero_Pedido, ID_Producto, Cantidad_Producto)
values ('56236783', 'CPT-03', 1);

insert into Detalles_Pedidos (Numero_Pedido, ID_Producto, Cantidad_Producto)
values ('56236783', 'V-33', 1);

insert into Detalles_Pedidos (Numero_Pedido, ID_Producto, Cantidad_Producto)
values ('56236783', 'P-10', 2);

insert into Detalles_Pedidos (Numero_Pedido, ID_Producto, Cantidad_Producto)
values ('56236783', 'T-B30-006', 1);

insert into Detalles_Pedidos (Numero_Pedido, ID_Producto, Cantidad_Producto)
values ('56236783', 'HAN-01A', 1);

insert into Detalles_Pedidos (Numero_Pedido, ID_Producto, Cantidad_Producto)
values ('56236783', 'HAN-06', 1);

insert into Detalles_Pedidos (Numero_Pedido, ID_Producto, Cantidad_Producto)
values ('56236783', 'KC-02', 2);

insert into Detalles_Pedidos (Numero_Pedido, ID_Producto, Cantidad_Producto)
values ('56236783', 'KC-04', 2);

insert into Detalles_Pedidos (Numero_Pedido, ID_Producto, Cantidad_Producto)
values ('56236783', 'KC-09', 2);

insert into Detalles_Pedidos (Numero_Pedido, ID_Producto, Cantidad_Producto)
values ('56236783', 'KC-16', 2);

insert into Detalles_Pedidos (Numero_Pedido, ID_Producto, Cantidad_Producto)
values ('56236783', 'KC-23', 2);

insert into Detalles_Pedidos (Numero_Pedido, ID_Producto, Cantidad_Producto)
values ('56236783', 'KC-25', 1);

insert into Detalles_Pedidos (Numero_Pedido, ID_Producto, Cantidad_Producto)
values ('56236783', 'KC-28', 1);

insert into Detalles_Pedidos (Numero_Pedido, ID_Producto, Cantidad_Producto)
values ('56236783', 'KC-13', 1);

insert into Detalles_Pedidos (Numero_Pedido, ID_Producto, Cantidad_Producto)
values ('56236783', 'V-26', 2);

insert into Detalles_Pedidos (Numero_Pedido, ID_Producto, Cantidad_Producto)
values ('56236783', 'V-14', 2);